Accumulator, Total count, Average count
RUN_EM, 11427959744, 11427959744.000000
LDA_INFERENCE, 13445515198, 33613787.995000
DIGAMMA, 3431341394, 128.860928
LOG_SUM, 3618362230, 139.885179
LOG_GAMMA, The code inside this timer has not been called, 0
DOC_E_STEP, 11287443588, 37624811.960000
LIKELIHOOD, 2571090702, 661118.719979
EM_CONVERGE, 3, 3.000000
INFERENCE_CONVERGE, 3889, 9.722500
