Accumulator, Total count, Average count
RUN_EM, 29496403886, 29496403886.000000
LDA_INFERENCE, 37479740819, 23424838.011875
DIGAMMA, 6761540529, 48.563365
LOG_SUM, 9706417792, 71.727201
LOG_GAMMA, The code inside this timer has not been called, 0
DOC_E_STEP, 29448350247, 24540291.872500
LIKELIHOOD, 3581081445, 181863.869026
EM_CONVERGE, 3, 3.000000
INFERENCE_CONVERGE, 19691, 12.306875
