Accumulator, Total count, Average count
RUN_EM, 119683024722, 119683024722.000000
LDA_INFERENCE, 157813933996, 49316854.373750
DIGAMMA, 40448153956, 129.928834
LOG_SUM, 43349390886, 143.230303
LOG_GAMMA, The code inside this timer has not been called, 0
DOC_E_STEP, 119443171340, 49767988.058333
LIKELIHOOD, 30397699954, 706020.205644
EM_CONVERGE, 3, 3.000000
INFERENCE_CONVERGE, 43055, 13.454688
