Accumulator, Total count, Average count
RUN_EM, 6095757802, 6095757802.000000
LDA_INFERENCE, 7212366906, 18030917.265000
DIGAMMA, 1294912451, 48.629268
LOG_SUM, 1893816273, 73.214568
LOG_GAMMA, The code inside this timer has not been called, 0
DOC_E_STEP, 6059325879, 20197752.930000
LIKELIHOOD, 688317943, 176990.985600
EM_CONVERGE, 3, 3.000000
INFERENCE_CONVERGE, 3889, 9.722500
