Accumulator, Total count, Average count
RUN_EM, 448047130760, 448047130760.000000
LDA_INFERENCE, -925928985020, -144676403.909375
DIGAMMA, -1386254000501, -2186.853428
LOG_SUM, 142708317818, 231.536842
LOG_GAMMA, The code inside this timer has not been called, 0
DOC_E_STEP, 447864755970, 93305157.493750
LIKELIHOOD, 54181535550, 626948.722533
EM_CONVERGE, 3, 3.000000
INFERENCE_CONVERGE, 86421, 13.503281
