Accumulator, Total count, Average count
RUN_EM, 88479741242, 88479741242.000000
LDA_INFERENCE, 114997293116, 47915538.798333
DIGAMMA, 29536439338, 129.953085
LOG_SUM, 31207547818, 141.238967
LOG_GAMMA, The code inside this timer has not been called, 0
DOC_E_STEP, 88248635460, 49027019.700000
LIKELIHOOD, 22228506428, 704749.577629
EM_CONVERGE, 3, 3.000000
INFERENCE_CONVERGE, 31541, 13.142083
