Accumulator, Total count, Average count
RUN_EM, 252147971178, 252147971178.000000
LDA_INFERENCE, 328899840376, 51390600.058750
DIGAMMA, 84076126154, 132.632378
LOG_SUM, 89605703162, 145.380605
LOG_GAMMA, The code inside this timer has not been called, 0
DOC_E_STEP, 251889173784, 52476911.205000
LIKELIHOOD, 63528116468, 735100.455537
EM_CONVERGE, 3, 3.000000
INFERENCE_CONVERGE, 86421, 13.503281
