Accumulator, Total count, Average count
RUN_EM, 419422631070, 419422631070.000000
LDA_INFERENCE, 551233902120, 91872317.020000
DIGAMMA, 100182985580, 167.171699
LOG_SUM, 139926693590, 240.133692
LOG_GAMMA, The code inside this timer has not been called, 0
DOC_E_STEP, 419240027860, 93164450.635556
LIKELIHOOD, 52808382070, 647844.322080
EM_CONVERGE, 3, 3.000000
INFERENCE_CONVERGE, 81514, 13.585667
