Accumulator, Total count, Average count
RUN_EM, 122815701108, 122815701108.000000
LDA_INFERENCE, 168437865678, 32391897.245769
DIGAMMA, 30508675846, 59.006683
LOG_SUM, 43203051485, 85.938227
LOG_GAMMA, The code inside this timer has not been called, 0
DOC_E_STEP, 122763591782, 31477844.046667
LIKELIHOOD, 15977726479, 226547.655210
EM_CONVERGE, 3, 3.000000
INFERENCE_CONVERGE, 70527, 13.562885
