Accumulator, Total count, Average count
RUN_EM, 360785762270, 360785762270.000000
LDA_INFERENCE, 455396180182, 81320746.461071
DIGAMMA, 117482718448, 134.050463
LOG_SUM, 119116547592, 138.369460
LOG_GAMMA, The code inside this timer has not been called, 0
DOC_E_STEP, 360274739834, 85779699.960476
LIKELIHOOD, 88645876622, 1525720.325330
EM_CONVERGE, 3, 3.000000
INFERENCE_CONVERGE, 58101, 10.375179
