Accumulator, Total count, Average count
RUN_EM, -1201967349982, -1201967349982.000000
LDA_INFERENCE, -1081583600140, -193139928.596429
DIGAMMA, 75717036168, 138.120218
LOG_SUM, 110410891539, 207.154004
LOG_GAMMA, The code inside this timer has not been called, 0
DOC_E_STEP, -1202107246776, -286216011.137143
LIKELIHOOD, 42283178102, 562216.494283
EM_CONVERGE, 3, 3.000000
INFERENCE_CONVERGE, 75208, 13.430000
