Accumulator, Total count, Average count
RUN_EM, 81840160878, 81840160878.000000
LDA_INFERENCE, 107196186759, 26799046.689750
DIGAMMA, 19365821468, 48.441098
LOG_SUM, 27584894412, 70.960186
LOG_GAMMA, The code inside this timer has not been called, 0
DOC_E_STEP, 81788295560, 27262765.186667
LIKELIHOOD, 10259222828, 189799.323405
EM_CONVERGE, 3, 3.000000
INFERENCE_CONVERGE, 54053, 13.513250
