Accumulator, Total count, Average count
RUN_EM, 69681029596, 69681029596.000000
LDA_INFERENCE, 89365371516, 44682685.758000
DIGAMMA, 22922115974, 130.174882
LOG_SUM, 24207076814, 141.448967
LOG_GAMMA, The code inside this timer has not been called, 0
DOC_E_STEP, 69455221892, 46303481.261333
LIKELIHOOD, 17234583888, 685898.988658
EM_CONVERGE, 3, 3.000000
INFERENCE_CONVERGE, 25127, 12.563500
