Accumulator, Total count, Average count
RUN_EM, 36847271212, 36847271212.000000
LDA_INFERENCE, 47464805073, 23732402.536500
DIGAMMA, 8580086493, 48.726380
LOG_SUM, 12252328985, 71.593910
LOG_GAMMA, The code inside this timer has not been called, 0
DOC_E_STEP, 36798231946, 24532154.630667
LIKELIHOOD, 4500819525, 179122.836988
EM_CONVERGE, 3, 3.000000
INFERENCE_CONVERGE, 25127, 12.563500
