Accumulator, Total count, Average count
RUN_EM, -24482635624, -24482635624.000000
LDA_INFERENCE, 20927956913, 2906660.682361
DIGAMMA, 37719605377, 54.341150
LOG_SUM, -130585083954, -193.470004
LOG_GAMMA, The code inside this timer has not been called, 0
DOC_E_STEP, -24542116541, -4544836.396481
LIKELIHOOD, 22054124376, 236650.009936
EM_CONVERGE, 3, 3.000000
INFERENCE_CONVERGE, 93193, 12.943472
