Accumulator, Total count, Average count
RUN_EM, 63669626545, 63669626545.000000
LDA_INFERENCE, 83824437709, 26195136.784063
DIGAMMA, 15086160291, 48.460239
LOG_SUM, 21699833088, 71.698209
LOG_GAMMA, The code inside this timer has not been called, 0
DOC_E_STEP, 63619153004, 26507980.418333
LIKELIHOOD, 8140522924, 189072.649495
EM_CONVERGE, 3, 3.000000
INFERENCE_CONVERGE, 43055, 13.454688
