Accumulator, Total count, Average count
RUN_EM, 138448273654, 138448273654.000000
LDA_INFERENCE, 180379789078, 50105496.966111
DIGAMMA, 46056300696, 129.789755
LOG_SUM, 49701245148, 144.053301
LOG_GAMMA, The code inside this timer has not been called, 0
DOC_E_STEP, 138203788992, 51186588.515556
LIKELIHOOD, 34769760622, 716665.855017
EM_CONVERGE, 3, 3.000000
INFERENCE_CONVERGE, 48516, 13.476667
