Accumulator, Total count, Average count
RUN_EM, 204377793640, 204377793640.000000
LDA_INFERENCE, 268533217912, 51641003.444615
DIGAMMA, 68583409190, 132.646840
LOG_SUM, 73484337988, 146.172863
LOG_GAMMA, The code inside this timer has not been called, 0
DOC_E_STEP, 204123924886, 52339467.919487
LIKELIHOOD, 51882783388, 735644.269400
EM_CONVERGE, 3, 3.000000
INFERENCE_CONVERGE, 70527, 13.562885
