Accumulator, Total count, Average count
RUN_EM, 99099764762, 99099764762.000000
LDA_INFERENCE, 130116491792, 27107602.456667
DIGAMMA, 23574840263, 48.605997
LOG_SUM, 33500690356, 71.039286
LOG_GAMMA, The code inside this timer has not been called, 0
DOC_E_STEP, 99045368650, 27512602.402778
LIKELIHOOD, 12299863873, 184952.015293
EM_CONVERGE, 3, 3.000000
INFERENCE_CONVERGE, 66503, 13.854792
