Accumulator, Total count, Average count
RUN_EM, 166722125922, 166722125922.000000
LDA_INFERENCE, 219945693267, 28940222.798289
DIGAMMA, 39553030691, 50.950903
LOG_SUM, 57469502793, 76.131286
LOG_GAMMA, The code inside this timer has not been called, 0
DOC_E_STEP, 166668260136, 29240045.637895
LIKELIHOOD, 21271072313, 202886.937611
EM_CONVERGE, 3, 3.000000
INFERENCE_CONVERGE, 104842, 13.795000
