Accumulator, Total count, Average count
RUN_EM, 22053923666, 22053923666.000000
LDA_INFERENCE, 27193431499, 22661192.915833
DIGAMMA, 4897082775, 48.945371
LOG_SUM, 7104906625, 73.067586
LOG_GAMMA, The code inside this timer has not been called, 0
DOC_E_STEP, 22006294287, 24451438.096667
LIKELIHOOD, 2598159214, 182981.844778
EM_CONVERGE, 3, 3.000000
INFERENCE_CONVERGE, 14199, 11.832500
