Accumulator, Total count, Average count
RUN_EM, 238051110540, 238051110540.000000
LDA_INFERENCE, 312313280198, 52052213.366333
DIGAMMA, 79938082022, 133.389766
LOG_SUM, 84682634570, 145.327193
LOG_GAMMA, The code inside this timer has not been called, 0
DOC_E_STEP, 237790303268, 52842289.615111
LIKELIHOOD, 60485541076, 742026.413573
EM_CONVERGE, 3, 3.000000
INFERENCE_CONVERGE, 81514, 13.585667
