Accumulator, Total count, Average count
RUN_EM, 173458661214, 173458661214.000000
LDA_INFERENCE, 227770810950, 51766093.397727
DIGAMMA, 58232059944, 132.982016
LOG_SUM, 62671749318, 147.194470
LOG_GAMMA, The code inside this timer has not been called, 0
DOC_E_STEP, 173201643686, 52485346.571515
LIKELIHOOD, 43973502646, 737365.058790
EM_CONVERGE, 3, 3.000000
INFERENCE_CONVERGE, 59636, 13.553636
