Accumulator, Total count, Average count
RUN_EM, 283137172768, 283137172768.000000
LDA_INFERENCE, 359203855226, 81637239.824091
DIGAMMA, 93098717744, 134.843599
LOG_SUM, 94104767358, 138.759417
LOG_GAMMA, The code inside this timer has not been called, 0
DOC_E_STEP, 282631370864, 85645869.958788
LIKELIHOOD, 69675468062, 1526598.191582
EM_CONVERGE, 3, 3.000000
INFERENCE_CONVERGE, 45641, 10.372955
