Accumulator, Total count, Average count
RUN_EM, 191845494050, 191845494050.000000
LDA_INFERENCE, 251801855424, 52458719.880000
DIGAMMA, 64526267562, 133.038594
LOG_SUM, 68417853908, 145.082249
LOG_GAMMA, The code inside this timer has not been called, 0
DOC_E_STEP, 191590531460, 53219592.072222
LIKELIHOOD, 48732373886, 732784.594469
EM_CONVERGE, 3, 3.000000
INFERENCE_CONVERGE, 66503, 13.854792
