Accumulator, Total count, Average count
RUN_EM, 73218151284, 73218151284.000000
LDA_INFERENCE, 95358949617, 26488597.115833
DIGAMMA, 17153105242, 48.338605
LOG_SUM, 24604179835, 71.312365
LOG_GAMMA, The code inside this timer has not been called, 0
DOC_E_STEP, 73166831781, 27098826.585556
LIKELIHOOD, 9295956113, 191605.987983
EM_CONVERGE, 3, 3.000000
INFERENCE_CONVERGE, 48516, 13.476667
