Accumulator, Total count, Average count
RUN_EM, 126539539344, 126539539344.000000
LDA_INFERENCE, 171240137371, 25182373.142794
DIGAMMA, 35485088329, 52.087054
LOG_SUM, 26541986512, 40.068518
LOG_GAMMA, The code inside this timer has not been called, 0
DOC_E_STEP, 126484512424, 24800884.789020
LIKELIHOOD, 19920306025, 214730.201091
EM_CONVERGE, 3, 3.000000
INFERENCE_CONVERGE, 92769, 13.642500
