Accumulator, Total count, Average count
RUN_EM, 26022363084, 26022363084.000000
LDA_INFERENCE, 31199862740, 38999828.425000
DIGAMMA, 7956643776, 128.939579
LOG_SUM, 8470986196, 141.300668
LOG_GAMMA, The code inside this timer has not been called, 0
DOC_E_STEP, 25841645256, 43069408.760000
LIKELIHOOD, 6021868654, 661743.808132
EM_CONVERGE, 3, 3.000000
INFERENCE_CONVERGE, 9100, 11.375000
