Accumulator, Total count, Average count
RUN_EM, 308358550430, 308358550430.000000
LDA_INFERENCE, 406914518572, 53541384.022632
DIGAMMA, 103615968922, 133.474656
LOG_SUM, 112277978902, 148.737443
LOG_GAMMA, The code inside this timer has not been called, 0
DOC_E_STEP, 308097334002, 54052163.860000
LIKELIHOOD, 77933471488, 743342.090841
EM_CONVERGE, 3, 3.000000
INFERENCE_CONVERGE, 104842, 13.795000
