Accumulator, Total count, Average count
RUN_EM, 54779229354, 54779229354.000000
LDA_INFERENCE, 71446489663, 25516603.451071
DIGAMMA, 12930814660, 48.533720
LOG_SUM, 18357977858, 70.871968
LOG_GAMMA, The code inside this timer has not been called, 0
DOC_E_STEP, 54729434800, 26061635.619048
LIKELIHOOD, 6792060594, 185651.512751
EM_CONVERGE, 3, 3.000000
INFERENCE_CONVERGE, 36585, 13.066071
