Accumulator, Total count, Average count
RUN_EM, 43456013782, 43456013782.000000
LDA_INFERENCE, 54084330564, 67605413.205000
DIGAMMA, 14128041250, 136.262120
LOG_SUM, 13854747076, 136.163634
LOG_GAMMA, The code inside this timer has not been called, 0
DOC_E_STEP, 43086508618, 71810847.696667
LIKELIHOOD, 10677847098, 1412226.834810
EM_CONVERGE, 3, 3.000000
INFERENCE_CONVERGE, 7561, 9.451250
