Accumulator, Total count, Average count
RUN_EM, 90952699248, 90952699248.000000
LDA_INFERENCE, 116055682034, 72534801.271250
DIGAMMA, 30150747058, 132.273350
LOG_SUM, 30317850108, 135.487082
LOG_GAMMA, The code inside this timer has not been called, 0
DOC_E_STEP, 90516648022, 75430540.018333
LIKELIHOOD, 22511898780, 1393321.704524
EM_CONVERGE, 3, 3.000000
INFERENCE_CONVERGE, 16157, 10.098125
