Accumulator, Total count, Average count
RUN_EM, 260522716836, 260522716836.000000
LDA_INFERENCE, 332608647386, 83152161.846500
DIGAMMA, 85862639674, 134.525893
LOG_SUM, 87681681430, 139.853843
LOG_GAMMA, The code inside this timer has not been called, 0
DOC_E_STEP, 260023093638, 86674364.546000
LIKELIHOOD, 64545118928, 1525672.928852
EM_CONVERGE, 3, 3.000000
INFERENCE_CONVERGE, 42306, 10.576500
