Accumulator, Total count, Average count
RUN_EM, 461839805972, 461839805972.000000
LDA_INFERENCE, 583240576474, 81005635.621389
DIGAMMA, 149832273708, 133.316344
LOG_SUM, 154583233902, 140.017971
LOG_GAMMA, The code inside this timer has not been called, 0
DOC_E_STEP, 461326736164, 85430877.067407
LIKELIHOOD, 112766487752, 1530053.700113
EM_CONVERGE, 3, 3.000000
INFERENCE_CONVERGE, 73701, 10.236250
