Accumulator, Total count, Average count
RUN_EM, 269031553410, 269031553410.000000
LDA_INFERENCE, 354378799148, 52114529.286471
DIGAMMA, 90402917972, 132.698604
LOG_SUM, 96473089380, 145.638448
LOG_GAMMA, The code inside this timer has not been called, 0
DOC_E_STEP, 268771237200, 52700242.588235
LIKELIHOOD, 69007155744, 743860.079811
EM_CONVERGE, 3, 3.000000
INFERENCE_CONVERGE, 92769, 13.642500
