Accumulator, Total count, Average count
RUN_EM, 41357315172, 41357315172.000000
LDA_INFERENCE, 50779853382, 42316544.485000
DIGAMMA, 12939959732, 129.332330
LOG_SUM, 13943553908, 143.396934
LOG_GAMMA, The code inside this timer has not been called, 0
DOC_E_STEP, 41153303050, 45725892.277778
LIKELIHOOD, 9772308274, 688239.191070
EM_CONVERGE, 3, 3.000000
INFERENCE_CONVERGE, 14199, 11.832500
