Accumulator, Total count, Average count
RUN_EM, 103545175484, 103545175484.000000
LDA_INFERENCE, 135146667740, 48266667.050000
DIGAMMA, 34633384714, 129.990805
LOG_SUM, 36957601710, 142.676823
LOG_GAMMA, The code inside this timer has not been called, 0
DOC_E_STEP, 103309938580, 49195208.847619
LIKELIHOOD, 26080588480, 712876.547219
EM_CONVERGE, 3, 3.000000
INFERENCE_CONVERGE, 36585, 13.066071
