Accumulator, Total count, Average count
RUN_EM, 47346085544, 47346085544.000000
LDA_INFERENCE, 61377754312, 25574064.296667
DIGAMMA, 11107557593, 48.870528
LOG_SUM, 15826461112, 71.627320
LOG_GAMMA, The code inside this timer has not been called, 0
DOC_E_STEP, 47296660488, 26275922.493333
LIKELIHOOD, 5807124660, 184113.523985
EM_CONVERGE, 3, 3.000000
INFERENCE_CONVERGE, 31541, 13.142083
